epoch,train_loss,valid_loss,valid_mean_auc
1,0.310918744577437,0.23875310480594636,0.640396961311946
2,0.24401024683397643,0.2283804452419281,0.7078628134043448
3,0.23500262809043027,0.21858404636383055,0.7327723836059045
4,0.2288671522496306,0.21623853266239165,0.7382067089591828
5,0.22637390090646792,0.21524347901344298,0.7509071539341711
